{
    "sigma": 0.01259881576697424,
    "theta": 0.0002,
    "k": 0.5,
    "r": 0.0002777777777777778,
    "rho": -0.7
}
