{
    "sigma": 0.01259881576697424,
    "theta": 0.0002,
    "k": 1.0,
    "r": 0.0003968253968253968,
    "rho": -0.7
}
