method,e_x,e_l,time
DPF,0.0265360939130187,0.0632510191202163,0.7129278818766276
Soft,0.0280449103936553,0.068420577943325,0.8616546312967936
Stop-Gradient,0.0265360939130187,0.0632510191202163,0.7354896068572998
Marginal Stop-Gradient,0.0265360939130187,0.0632510191202163,0.7395054499308268
Optimal Transport,0.0483910911530256,0.0780963853001594,54.4989543279012
Kernel,0.032957349568605424,0.07244492307305336,0.7814340273539225
