method,ELBO,alpha error,beta error,sigma error
DPF,101.42713577270509,0.0134733653068542,0.0292801201343536,0.0278763234615325
Soft,102.51291961669922,0.0201650822162627,0.5915983140468597,0.1086692869663238
Stop-Gradient,101.85047973632813,0.00812831592559815,0.07463503479957581,0.03661035299301148
Marginal Stop-Gradient,101.89604354858398,0.0075027532577514,0.0830380171537399,0.0497906982898712
Optimal Transport,0.0,0.0,0.0,0.0
Kernel,110.9694807434082,0.0443263523578643,0.5859703540802002,0.7336842324584723
