method,Forward Time (s),Backward Time (s),Gradient standard deviation,alpha error
DPF,0.1869783269034491,0.0535678466161092,0.0348255544652668,0.0036849796772003
Soft,0.2369717359542846,0.1121466557184855,0.375484130662953,0.0067280225753784
Stop-Gradient,0.1753707859251234,0.0783640411165025,1.1459102851713294,0.0051060543060302
Marginal Stop-Gradient,0.1315257681740654,0.0491137637032402,0.4778150690444502,0.0029928312301635
Optimal Transport,1.0893172687954373,0.10710604985555013,0.1163504790601398,0.02527272343635556
Kernel,0.1145038604736328,0.0857481426662868,0.7792240803798354,0.2495896434783936
